{"cameraMode":{"drawMode":0,"name":"Shaded","section":"Shading Mode"},"sceneLighting":false,"audioPlay":false,"sceneViewState":{"showFog":true,"showMaterialUpdate":false,"showSkybox":true,"showFlares":true,"showImageEffects":true,"showParticleSystems":true},"in2DMode":false,"pivot":{"x":-0.6650330424308777,"y":-3.718775510787964,"z":0.9694620966911316},"rotation":{"x":-0.20292140543460847,"y":0.39227691292762759,"z":-0.0891648456454277,"w":-0.8927437663078308},"size":443.9908752441406,"orthographic":true}